# English localization data
words=the,of,and,to,a,in,that,have,I,it,for,not,on,with,he,as,you,do,at,this,but,his,by,from,they,she,or,an,will,my,one,all,would,there,their,what,so,up,out,if,about,who,get,which,go,me,when,make,can,like,time,no,just,him,know,take,people,into,year,your,good,some,could,them,see,other,than,then,now,look,only,come,its,over,think,also,back,after,use,two,how,our,work,first,well,way,even,new,want,because,any,these,give,day,most,us
cities=New York,Los Angeles,Chicago,Houston,Phoenix,Philadelphia,San Antonio,San Diego,Dallas,San Jose,Austin,Jacksonville,Fort Worth,Columbus,Charlotte,San Francisco,Indianapolis,Seattle,Denver,Washington,Boston,El Paso,Nashville,Detroit,Oklahoma City,Portland,Las Vegas,Memphis,Louisville,Baltimore,Milwaukee,Albuquerque,Tucson,Fresno,Sacramento,Kansas City,Long Beach,Mesa,Atlanta,Colorado Springs,Virginia Beach,Raleigh,Omaha,Miami,Oakland,Minneapolis,Tulsa,Wichita,New Orleans,Arlington
companies=Apple Inc,Microsoft Corporation,Amazon.com Inc,Alphabet Inc,Tesla Inc,Meta Platforms Inc,NVIDIA Corporation,Berkshire Hathaway Inc,UnitedHealth Group Incorporated,Johnson & Johnson,JPMorgan Chase & Co,Exxon Mobil Corporation,Procter & Gamble Company,Visa Inc,Mastercard Incorporated,Home Depot Inc,Bank of America Corporation,Pfizer Inc,Chevron Corporation,Coca-Cola Company,Walt Disney Company,Intel Corporation,Cisco Systems Inc,Verizon Communications Inc,Comcast Corporation,AT&T Inc,Nike Inc,McDonald's Corporation,IBM Corporation,Oracle Corporation
provinces=Alabama,Alaska,Arizona,Arkansas,California,Colorado,Connecticut,Delaware,Florida,Georgia,Hawaii,Idaho,Illinois,Indiana,Iowa,Kansas,Kentucky,Louisiana,Maine,Maryland,Massachusetts,Michigan,Minnesota,Mississippi,Missouri,Montana,Nebraska,Nevada,New Hampshire,New Jersey,New Mexico,New York,North Carolina,North Dakota,Ohio,Oklahoma,Oregon,Pennsylvania,Rhode Island,South Carolina,South Dakota,Tennessee,Texas,Utah,Vermont,Virginia,Washington,West Virginia,Wisconsin,Wyoming
professions=Software Engineer,Data Scientist,Product Manager,Marketing Manager,Sales Representative,Accountant,Teacher,Nurse,Doctor,Lawyer,Engineer,Designer,Consultant,Analyst,Developer,System Administrator,Project Coordinator,Technical Specialist,Technician,Assistant,Manager,Supervisor,Director,Executive,Team Lead,Senior Engineer,Junior Engineer,Architect,Researcher,Writer,Editor,Journalist,Photographer,Artist,Musician,Actor,Chef,Waiter,Bartender,Driver,Pilot,Mechanic,Electrician,Plumber,Carpenter,Painter,Cleaner,Security Guard,Police Officer,Firefighter,Civil Servant,Bank Clerk,Insurance Agent,Real Estate Agent,Tour Guide,Translator,Secretary,HR Specialist,Finance Specialist,Procurement Specialist,Logistics Specialist,Customer Service Representative,Technical Support,DevOps Engineer,Test Engineer
streetNames=Main Street,First Street,Second Street,Third Street,Park Avenue,Oak Street,Pine Street,Maple Street,Cedar Street,Elm Street,Washington Street,Lincoln Street,Jefferson Street,Madison Street,Jackson Street,Franklin Street,Church Street,Spring Street,High Street,School Street,State Street,Broad Street,Union Street,Water Street,Market Street,Mill Street,River Street,Center Street,North Street,South Street,East Street,West Street,Hill Street,College Street,Court Street,Liberty Street,Pearl Street,Cherry Street,Chestnut Street,Walnut Street,Hickory Street,Poplar Street,Willow Street,Birch Street,Spruce Street,Sycamore Street,Dogwood Street,Magnolia Street,Laurel Street,Rose Street
emailDomains=gmail.com,yahoo.com,hotmail.com,outlook.com,aol.com,icloud.com,live.com,msn.com,comcast.net,verizon.net,att.net,sbcglobal.net,cox.net,charter.net,earthlink.net,juno.com,netzero.net,aim.com,mail.com,ymail.com
# English names
firstNames=James,John,Robert,Michael,William,David,Richard,Charles,Joseph,Thomas,Christopher,Daniel,Paul,Mark,Donald,Steven,Kenneth,Andrew,Joshua,Kevin,Brian,George,Timothy,Ronald,Jason,Edward,Jeffrey,Ryan,Jacob,Gary,Nicholas,Eric,Jonathan,Stephen,Larry,Justin,Scott,Brandon,Benjamin,Samuel,Gregory,Alexander,Patrick,Frank,Raymond,Jack,Dennis,Jerry,Tyler,Aaron,Jose,Henry,Adam,Douglas,Nathan,Peter,Zachary,Kyle,Noah,Alan,Ethan,Jeremy,Lionel,Angel,Jordan,Wayne,Connor,Sean,Mason,Eugene,Carl,Harold,Arthur,Lawrence,Roger,Albert,Willie,Ralph,Bobby,Russell,Louis,Philip,Johnny,Mary,Patricia,Jennifer,Linda,Elizabeth,Barbara,Susan,Jessica,Sarah,Karen,Nancy,Lisa,Betty,Helen,Sandra,Donna,Carol,Ruth,Sharon,Michelle,Laura,Sarah,Kimberly,Deborah,Dorothy,Lisa,Nancy,Karen,Betty,Helen,Sandra,Donna,Carol,Ruth,Sharon,Michelle,Laura,Emily,Kimberly,Deborah,Amy,Angela,Ashley,Brenda,Emma,Olivia,Cynthia,Marie,Janet,Catherine,Frances,Christine,Samantha,Debra,Rachel,Carolyn,Janet,Virginia,Maria,Heather,Diane,Julie,Joyce,Victoria,Kelly,Christina,Joan,Evelyn,Lauren,Judith,Megan,Cheryl,Andrea,Hannah,Jacqueline,Martha,Gloria,Teresa,Sara,Janice,Marie,Julia,Heather,Diane,Ruth,Julie,Joyce,Virginia
lastNames=Smith,Johnson,Williams,Brown,Jones,Garcia,Miller,Davis,Rodriguez,Martinez,Hernandez,Lopez,Gonzalez,Wilson,Anderson,Thomas,Taylor,Moore,Jackson,Martin,Lee,Perez,Thompson,White,Harris,Sanchez,Clark,Ramirez,Lewis,Robinson,Walker,Young,Allen,King,Wright,Scott,Torres,Nguyen,Hill,Flores,Green,Adams,Nelson,Baker,Hall,Rivera,Campbell,Mitchell,Carter,Roberts,Gomez,Phillips,Evans,Turner,Diaz,Parker,Cruz,Edwards,Collins,Reyes,Stewart,Morris,Morales,Murphy,Cook,Rogers,Gutierrez,Ortiz,Morgan,Cooper,Peterson,Bailey,Reed,Kelly,Howard,Ramos,Kim,Cox,Ward,Richardson,Watson,Brooks,Chavez,Wood,James,Bennett,Gray,Mendoza,Ruiz,Hughes,Price,Alvarez,Castillo,Sanders,Patel,Myers,Long,Ross,Foster,Jimenez
# English banks
bankNames=Bank of America,JPMorgan Chase,Wells Fargo,Citibank,U.S. Bank,PNC Bank,Capital One,TD Bank,Bank of New York Mellon,State Street Corporation,Goldman Sachs,Morgan Stanley,American Express,Discover Bank,HSBC Bank USA
bankCodes=4147,4000,4512,4011,4123,4000,4000,4000,4000,4000,4000,4000,3700,6011,4000
# English states with codes
stateNames=Alabama,Alaska,Arizona,Arkansas,California,Colorado,Connecticut,Delaware,Florida,Georgia,Hawaii,Idaho,Illinois,Indiana,Iowa,Kansas,Kentucky,Louisiana,Maine,Maryland,Massachusetts,Michigan,Minnesota,Mississippi,Missouri,Montana,Nebraska,Nevada,New Hampshire,New Jersey,New Mexico,New York,North Carolina,North Dakota,Ohio,Oklahoma,Oregon,Pennsylvania,Rhode Island,South Carolina,South Dakota,Tennessee,Texas,Utah,Vermont,Virginia,Washington,West Virginia,Wisconsin,Wyoming
stateCodes=AL,AK,AZ,AR,CA,CO,CT,DE,FL,GA,HI,ID,IL,IN,IA,KS,KY,LA,ME,MD,MA,MI,MN,MS,MO,MT,NE,NV,NH,NJ,NM,NY,NC,ND,OH,OK,OR,PA,RI,SC,SD,TN,TX,UT,VT,VA,WA,WV,WI,WY
# Province codes (US States)
provinceNames=California,Texas,New York,Florida,Illinois,Pennsylvania,Ohio,Georgia,North Carolina,Michigan
provinceCodes=06,48,36,12,17,42,39,13,37,26
# Phone prefixes (US Area Codes)
mobilePrefixes=201,202,203,205,206,207,208,209,210,212,213,214,215,216,217,218,219,224,225,228
unicomPrefixes=229,231,234,239,240,248,251,252,253,254,256,260,262,267,269,270,276,281,301,302
telecomPrefixes=303,304,305,307,308,309,310,312,313,314,315,316,317,318,319,320,321,323,325,330
areaCodes=201,202,203,205,206,207,208,209,210,212,213,214,215,216,217,218,219,224,225,228
# Image placeholder text
imageTexts=Mock,Sample,Image,Photo,Picture,Placeholder,Demo,Test,Example,Preview
# Phone number formats
phoneFormats=(###) ###-####,###-###-####,### ### ####,###.###.####,+1-###-###-####