# Romanian localization file

# Common words
words=salut,mulțumesc,scuzați-mă,da,nu,bun,rău,mare,mic,nou,vechi,rapid,lent,cald,rece,înalt,scund,puternic,slab,luminos,întunecat,fericit,trist,frumos,urât,ușor,greu,important,necesar

# Cities
cities=București,Cluj-Napoca,Timișoara,Iași,Constanța,Craiova,Brașov,Galați,Ploiești,Oradea,Brăila,Arad,Pitești,Sibiu,Bacău,Târgu Mureș,Baia Mare,Buzău,Botoșani,Satu Mare,Râmnicu Vâlcea,Drobeta-Turnu Severin,Suceava,Piatra Neamț,Târgu Jiu,Tulcea,Târgoviște,Focșani,Bistrița,Reșița

# Companies
companies=OMV Petrom,Banca Transilvania,BRD,BCR,Dacia,Ford România,Automobile Dacia,Rompetrol,Transgaz,Transelectrica,Nuclearelectrica,Hidroelectrica,Romgaz,Electrica,Teraplast,Sphera Franchise Group,Purcari Wineries,MedLife,Regina Maria,Farmaceutica Remedia

# Provinces/States
provinces=Alba,Arad,Argeș,Bacău,Bihor,Bistrița-Năsăud,Botoșani,Brașov,Brăila,Buzău,Caraș-Severin,Călărași,Cluj,Constanța,Covasna,Dâmbovița,Dolj,Galați,Giurgiu,Gorj,Harghita,Hunedoara,Ialomița,Iași,Ilfov,Maramureș,Mehedinți,Mureș,Neamț,Olt,Prahova,Sălaj,Satu Mare,Sibiu,Suceava,Teleorman,Timiș,Tulcea,Vaslui,Vâlcea,Vrancea,București

# Occupations
occupations=doctor,asistentă medicală,profesor,avocat,contabil,inginer,programator,designer,bucătar,polițist,pompier,militar,funcționar public,angajat bancar,vânzător,șofer,arhitect,jurnalist,traducător,consultant

# Street names
street_names=Calea Victoriei,Bulevardul Unirii,Strada Lipscani,Bulevardul Magheru,Șoseaua Kiseleff,Calea Dorobanți,Bulevardul Aviatorilor,Strada Amzei,Bulevardul Carol I,Strada Franceza,Calea Floreasca,Bulevardul Dacia,Strada Polona,Calea Griviței,Bulevardul Primăverii,Strada Mendeleev,Calea Plevnei,Bulevardul Lascăr Catargiu,Strada Dionisie Lupu,Calea Serban Vodă

# Email domains
email_domains=gmail.com,yahoo.com,hotmail.com,outlook.com,zapp.ro,clicknet.ro,rdslink.ro,rdsor.ro,xnet.ro,kappa.ro

# First names
first_names=Ion,Maria,Gheorghe,Elena,Nicolae,Ana,Vasile,Ioana,Constantin,Mihaela,Dumitru,Andreea,Marian,Cristina,Alexandru,Daniela,Florin,Alina,Adrian,Carmen,Bogdan,Simona,Marius,Roxana,Cristian,Monica,Ionuț,Gabriela,Radu,Diana

# Last names
last_names=Popescu,Ionescu,Popa,Radu,Stoica,Stan,Dumitrescu,Gheorghe,Munteanu,Diaconu,Georgescu,Nistor,Florea,Constantin,Dobre,Barbu,Marin,Preda,Mocanu,Cristea,Stancu,Matei,Ciobanu,Roșu,Moraru,Ilie,Andreescu,Ștefan,Neagu,Vasile

# Bank names
bank_names=Banca Transilvania,BCR,BRD,Raiffeisen Bank,ING Bank,UniCredit Bank,Alpha Bank,CEC Bank,Garanti BBVA,Banca Românească,Libra Internet Bank,Patria Bank,Banca de Export-Import,Porsche Bank,Vista Bank,Banca Comercială Feroviară,OTP Bank România,Credit Europe Bank,Intesa Sanpaolo Bank,Marfin Bank

# Bank codes
bank_codes=BTRLRO22,RNCBROBU,BRDEROBU,RZBRROBU,INGBROBU,BACXROBU,BUCUROBU,CECEROBU,TGBRROBU,BRMAROBU,LIBROBU,PATBROBU,EXIMROBU,PCHBROBU,VIST,BFCR,OTPVROBU,CRDEROBU,BCITROBU,MARF

# State names (same as provinces for Romania)
state_names=Alba,Arad,Argeș,Bacău,Bihor,Bistrița-Năsăud,Botoșani,Brașov,Brăila,Buzău,Caraș-Severin,Călărași,Cluj,Constanța,Covasna,Dâmbovița,Dolj,Galați,Giurgiu,Gorj,Harghita,Hunedoara,Ialomița,Iași,Ilfov,Maramureș,Mehedinți,Mureș,Neamț,Olt,Prahova,Sălaj,Satu Mare,Sibiu,Suceava,Teleorman,Timiș,Tulcea,Vaslui,Vâlcea,Vrancea,București

# State codes
state_codes=AB,AR,AG,BC,BH,BN,BT,BV,BR,BZ,CS,CL,CJ,CT,CV,DB,DJ,GL,GR,GJ,HR,HD,IL,IS,IF,MM,MH,MS,NT,OT,PH,SJ,SM,SB,SV,TR,TM,TL,VS,VL,VN,B

# Phone prefixes
phone_prefixes_mobile=072,073,074,075,076,078,079
phone_prefixes_landline=021,031,0230,0231,0232,0233,0234,0235,0236,0237,0238,0239,0240,0241,0242,0243,0244,0245,0246,0247,0248,0249,0250,0251,0252,0253,0254,0255,0256,0257,0258,0259,0260,0261,0262,0263,0264,0265,0266,0267,0268,0269,0330,0331,0332,0333,0334,0335,0336,0337,0338,0339,0340,0341,0342,0343,0344,0345,0346,0347,0348,0349,0350,0351,0352,0353,0354,0355,0356,0357,0358,0359,0360,0361,0362,0363,0364,0365,0366,0367,0368,0369,0370,0371,0372,0373,0374,0375,0376,0377,0378,0379,0380,0381,0382,0383,0384,0385,0386,0387,0388,0389,0390,0391,0392,0393,0394,0395,0396,0397,0398,0399
phone_prefixes_toll_free=0800
phone_prefixes_premium=0900,0906

# Area codes
area_codes=021,031,0230,0231,0232,0233,0234,0235,0236,0237,0238,0239,0240,0241,0242,0243,0244,0245,0246,0247,0248,0249,0250,0251,0252,0253,0254,0255,0256,0257,0258,0259,0260,0261,0262,0263,0264,0265,0266,0267,0268,0269

# Image placeholder text
image_placeholder_text=Se încarcă imaginea...,Se încarcă fotografia,Nu există imagine,Se pregătește fotografia,Se încarcă desenul,Se procesează imaginea,Se încarcă fotografia,Se descarcă imaginea,Se convertește imaginea,Se comprimă fotografia

# Phone number formats
phone_number_formats=+40 ### ### ###,021 ### ####,072# ### ###,0800 ### ###,0900 ### ###