# French localization data
words=le,de,et,à,un,il,être,et,en,avoir,que,pour,dans,ce,son,une,sur,avec,ne,se,pas,tout,plus,par,grand,ce,me,bien,te,si,bon,petit,la,le,de,un,à,être,et,en,avoir,que,pour,dans,ce,son,une,sur,avec,ne,se,pas,tout,plus,par,grand,ce,me,bien,te,si,bon,petit,encore,moins,dire,rester,savoir,aller,y,voir,en,fait,dire,que,venir,pouvoir,sortir,volonté,aller,jouer,maintenant,pendant,nombre,no,façon,mai,gens,mon,sur,premier,eau,été,appelé,qui,huile,asseoir,maintenant,trouver,long,vers le bas,jour,obtenu,a,fait,peut,partie,sur
cities=Paris,Marseille,Lyon,Toulouse,Nice,Nantes,Strasbourg,Montpellier,Bordeaux,Lille,Rennes,Reims,Le Havre,Saint-Étienne,Toulon,Grenoble,Dijon,Angers,Nîmes,Villeurbanne,Saint-Denis,Le Mans,Aix-en-Provence,Clermont-Ferrand,Brest,Limoges,Tours,Amiens,Perpignan,Metz,Besançon,Boulogne-Billancourt,Orléans,Mulhouse,Rouen,Pau,Caen,La Rochelle,Nancy,Argenteuil,Saint-Denis,Montreuil,Roubaix,Tourcoing,Nanterre,Avignon,Créteil,Dunkerque,Poitiers,Asnières-sur-Seine
companies=LVMH,L'Oréal,Hermès,Kering,Sanofi,TotalEnergies,Schneider Electric,Air Liquide,Safran,Dassault Systèmes,Essilor,Publicis,Veolia,Vinci,Bouygues,Orange,Engie,Carrefour,Peugeot,Renault,Michelin,Danone,Société Générale,BNP Paribas,Crédit Agricole,AXA,Alstom,Thales,Capgemini,Atos,Sodexo,Legrand,Saint-Gobain,Valeo,Faurecia,Arkema,Eiffage,Nexans,Technip,CGG
provinces=Île-de-France,Auvergne-Rhône-Alpes,Hauts-de-France,Nouvelle-Aquitaine,Occitanie,Grand Est,Provence-Alpes-Côte d'Azur,Pays de la Loire,Bretagne,Normandie,Centre-Val de Loire,Bourgogne-Franche-Comté,Corse,Guadeloupe,Martinique,Guyane,La Réunion,Mayotte
professions=Ingénieur logiciel,Scientifique des données,Chef de produit,Responsable marketing,Représentant commercial,Comptable,Enseignant,Infirmier,Médecin,Avocat,Ingénieur,Designer,Consultant,Analyste,Développeur,Administrateur système,Coordinateur de projet,Spécialiste technique,Technicien,Assistant,Manager,Superviseur,Directeur,Cadre,Chef d'équipe,Ingénieur senior,Ingénieur junior,Architecte,Chercheur,Écrivain,Éditeur,Journaliste,Photographe,Artiste,Musicien,Acteur,Chef cuisinier,Serveur,Barman,Chauffeur,Pilote,Mécanicien,Électricien,Plombier,Charpentier,Peintre,Agent de nettoyage,Agent de sécurité,Policier,Pompier,Fonctionnaire,Employé de banque,Agent d'assurance,Agent immobilier,Guide touristique,Traducteur,Secrétaire,Spécialiste RH,Spécialiste financier,Spécialiste des achats,Spécialiste logistique,Représentant du service client,Support technique,Ingénieur DevOps,Ingénieur de test
streetNames=Rue de la Paix,Avenue des Champs-Élysées,Boulevard Saint-Germain,Rue de Rivoli,Avenue Montaigne,Rue du Faubourg Saint-Honoré,Boulevard Haussmann,Rue de la République,Avenue de la Liberté,Rue Victor Hugo,Place de la Bastille,Rue Nationale,Avenue Jean Jaurès,Rue Gambetta,Boulevard Voltaire,Rue de la Gare,Avenue du Général de Gaulle,Rue des Écoles,Place du Marché,Rue de l'Église,Avenue de la Paix,Rue de la Mairie,Boulevard de la République,Rue du Commerce,Avenue de la Gare,Rue de la Poste,Place de l'Hôtel de Ville,Rue de la Liberté,Avenue de la République,Rue du Château,Boulevard de la Paix,Rue de la Fontaine,Avenue des Platanes,Rue des Roses,Boulevard des Tilleuls,Rue de la Croix,Avenue de la Forêt,Rue du Moulin,Place de la République,Rue de la Source,Avenue du Parc,Rue de la Vallée,Boulevard de la Mer,Rue de la Montagne,Avenue de la Plage,Rue du Port,Place de la Cathédrale,Rue de la Tour,Avenue de la Colline,Rue du Pont
emailDomains=orange.fr,free.fr,gmail.com,hotmail.fr,yahoo.fr,laposte.net,wanadoo.fr,sfr.fr,neuf.fr,club-internet.fr,voila.fr,tiscali.fr,noos.fr,cegetel.net,worldonline.fr,libertysurf.fr,caramail.com,ifrance.com,mageos.com,aliceadsl.fr
# French names
firstNames=Marie,Nathalie,Isabelle,Sylvie,Catherine,Françoise,Anne,Brigitte,Martine,Christine,Monique,Jacqueline,Nicole,Véronique,Michèle,Dominique,Chantal,Sandrine,Valérie,Karine,Céline,Patricia,Stéphanie,Corinne,Laurence,Émilie,Aurélie,Caroline,Virginie,Delphine,Agnès,Danielle,Claire,Nadine,Hélène,Sabine,Julie,Christelle,Pascale,Muriel,Laetitia,Mélanie,Carole,Estelle,Géraldine,Séverine,Fabienne,Élodie,Magali,Amandine,Audrey,Pierre,Jean,Michel,Philippe,Alain,Nicolas,Christophe,Patrick,Daniel,Bernard,Laurent,Éric,Frédéric,David,Stéphane,Olivier,Julien,Sébastien,Pascal,François,Thierry,Antoine,Vincent,Bruno,Fabrice,Jérôme,Didier,Yves,Cédric,Emmanuel,Gilles,Sylvain,Hervé,Patrice,Franck,Mathieu,Alexandre,Serge,Lionel,Claude,André,Christian,Marc,Michaël,Guillaume,Damien,Romain,Maxime,Thomas,Florian,Quentin,Adrien,Benjamin,Jonathan,Kevin,Loïc,Ludovic
lastNames=Martin,Bernard,Thomas,Petit,Robert,Richard,Durand,Dubois,Moreau,Laurent,Simon,Michel,Lefebvre,Leroy,Roux,David,Bertrand,Morel,Fournier,Girard,Bonnet,Dupont,Lambert,Fontaine,Rousseau,Vincent,Muller,Lefevre,Faure,Andre,Mercier,Blanc,Guerin,Boyer,Garnier,Chevalier,Francois,Legrand,Gauthier,Garcia,Perrin,Robin,Clement,Morin,Nicolas,Henry,Roussel,Matthieu,Gautier,Masson,Marchand,Duval,Denis,Dumont,Marie,Lemaire,Noel,Meyer,Dufour,Meunier,Brun,Blanchard,Giraud,Joly,Riviere,Lucas,Brunet,Gaillard,Barbier,Arnaud,Martinez,Gerard,Roche,Renard,Schmitt,Roy,Leroux,Colin,Vidal,Caron,Picard,Roger,Fabre,Aubert,Lemoine,Renaud,Lacroix,Olivier,Philippe,Bourgeois,Pierre,Benoit,Rey,Leclerc,Payet,Rolland,Leclercq,Guillaume,Lecomte,Lopez,Jean,Dupuy,Guillot,Hubert,Berger,Carpentier,Sanchez,Dupuis,Moulin,Louis,Deschamps,Huet,Vasseur,Perez,Boucher,Fleury,Royer,Klein,Jacquet,Adam,Paris,Poirier,Marty,Aubry,Guyot,Carre,Charles,Renault,Charpentier,Menard,Maillard,Baron,Bertin,Bailly,Herve,Schneider,Fernandez,Le Gall,Collet,Leger,Bouvier
# French banks
bankNames=BNP Paribas,Crédit Agricole,Société Générale,Banque Populaire,Caisse d'Épargne,Crédit Mutuel,LCL,Banque Postale,HSBC France,Crédit du Nord,Banque Palatine,Crédit Coopératif,Banque Rhône-Alpes,Banque Tarneaud,Banque Chaix
bankCodes=3000,3100,3003,1020,1751,1027,3002,2004,3005,3006,3007,3008,3009,3010,3011
# French regions with codes
regionNames=Île-de-France,Auvergne-Rhône-Alpes,Hauts-de-France,Nouvelle-Aquitaine,Occitanie,Grand Est,Provence-Alpes-Côte d'Azur,Pays de la Loire,Bretagne,Normandie,Centre-Val de Loire,Bourgogne-Franche-Comté,Corse,Guadeloupe,Martinique,Guyane,La Réunion,Mayotte
regionCodes=11,84,32,75,76,44,93,52,53,28,24,27,94,01,02,03,04,06
# Phone prefixes by type (France)
mobilePrefixes=06,07
landlinePrefixes=01,02,03,04,05,08,09
tollFreePrefixes=0800
premiumPrefixes=0899,0897
areaCodes=01,02,03,04,05
# Image placeholder text
imageTexts=Maquette,Échantillon,Image,Photo,Image,Espace réservé,Démo,Test,Exemple,Aperçu
# Phone number formats
phoneFormats=##.##.##.##.##,## ## ## ## ##,+33-#-##-##-##-##,+33 # ## ## ## ##