# Malay localization file

# Common words
words=hello,terima kasih,maaf,ya,tidak,baik,buruk,besar,kecil,baru,lama,cepat,perlahan,panas,sejuk,tinggi,rendah,kuat,lemah,terang,gelap,gembira,sedih,cantik,hodoh,mudah,sukar,penting,perlu

# Cities
cities=Kuala Lumpur,George Town,Ipoh,Shah Alam,Petaling Jaya,Johor Bahru,Seremban,Kuching,Kota Kinabalu,Klang,Subang Jaya,Kota Bharu,Alor Setar,Malacca City,Ampang Jaya,Sandakan,Kuantan,Kajang,Taiping,Selayang,Iskandar Puteri,Bukit Mertajam,Sepang,Kulim,Muar,Pasir Gudang,Tawau,Tasek Glugor,Batu Pahat,Rawang

# Companies
companies=Maybank,Public Bank,CIMB Group,RHB Bank,AmBank,Hong Leong Bank,Telekom Malaysia,Maxis,Digi,Celcom,Genting,Sime Darby,IOI Corporation,Kuala Lumpur Kepong,PPB Group,Hartalega,Top Glove,Supermax,Kossan Rubber,Careplus Group

# Provinces/States
provinces=Johor,Kedah,Kelantan,Melaka,Negeri Sembilan,Pahang,Perak,Perlis,Pulau Pinang,Sabah,Sarawak,Selangor,Terengganu,Wilayah Persekutuan Kuala Lumpur,Wilayah Persekutuan Labuan,Wilayah Persekutuan Putrajaya

# Occupations
occupations=doktor,jururawat,guru,peguam,akauntan,jurutera,pengaturcara,pereka,tukang masak,polis,bomba,tentera,penjawat awam,pekerja bank,jurujual,pemandu,arkitek,wartawan,penterjemah,perunding

# Street names
street_names=Jalan Bukit Bintang,Jalan Ampang,Jalan Raja Chulan,Jalan Sultan Ismail,Jalan Tun Razak,Jalan Kuching,Jalan Ipoh,Jalan Cheras,Jalan Klang Lama,Jalan Bangsar,Jalan Damansara,Jalan Gombak,Jalan Kepong,Jalan Sentul,Jalan Pahang,Jalan Tunku Abdul Rahman,Jalan Masjid India,Jalan Petaling,Jalan Hang Tuah,Jalan Imbi

# Email domains
email_domains=gmail.com,yahoo.com,hotmail.com,outlook.com,tm.net.my,streamyx.com,maxis.com.my,digi.com.my,celcom.com.my,unifi.com.my

# First names
first_names=Ahmad,Siti,Muhammad,Fatimah,Ali,Aminah,Hassan,Khadijah,Ibrahim,Zainab,Ismail,Aishah,Omar,Halimah,Yusuf,Maryam,Abdullah,Rokiah,Mohd,Noraini,Abdul,Ramlah,Sulaiman,Zaleha,Othman,Salimah,Razak,Faridah,Karim,Rohani

# Last names
last_names=Abdullah,Ahmad,Ali,Hassan,Ibrahim,Ismail,Mohamed,Omar,Rahman,Yusuf,Bakar,Daud,Hamid,Hussain,Mahmud,Mansor,Nordin,Osman,Salleh,Taib,Wahab,Yaacob,Zakaria,Zulkifli,Aziz,Ghani,Halim,Kadir,Latif,Nasir

# Bank names
bank_names=Maybank,Public Bank,CIMB Bank,RHB Bank,AmBank,Hong Leong Bank,Alliance Bank,Affin Bank,Bank Islam Malaysia,Bank Muamalat Malaysia,Bank Rakyat,OCBC Bank,Standard Chartered Malaysia,HSBC Bank Malaysia,Citibank Malaysia,UOB Malaysia,Bank Simpanan Nasional,Agrobank,SME Bank,Export-Import Bank of Malaysia

# Bank codes
bank_codes=1471,1295,1023,1066,1015,1082,1128,1033,1090,1147,1179,1440,1144,1142,1140,1338,1237,1175,1152,1222

# State names (same as provinces for Malaysia)
state_names=Johor,Kedah,Kelantan,Melaka,Negeri Sembilan,Pahang,Perak,Perlis,Pulau Pinang,Sabah,Sarawak,Selangor,Terengganu,Wilayah Persekutuan Kuala Lumpur,Wilayah Persekutuan Labuan,Wilayah Persekutuan Putrajaya

# State codes
state_codes=01,02,03,04,05,06,08,09,10,12,13,14,11,14,15,16

# Phone prefixes
phone_prefixes_mobile=01
phone_prefixes_landline=03,04,05,06,07,08,09
phone_prefixes_toll_free=1800
phone_prefixes_premium=1900

# Area codes
area_codes=03,04,05,06,07,08,09

# Image placeholder text
image_placeholder_text=Memuatkan imej...,Memuatkan foto,Tiada imej,Menyediakan foto,Memuatkan lukisan,Memproses imej,Memuat naik foto,Memuat turun imej,Menukar imej,Memampatkan foto

# Phone number formats
phone_number_formats=+60 ## #### ####,03 #### ####,01# ### ####,1800 ## ####,1900 ## ####